Workbook

Sheet README
A1: PROCUREMENT SPEND ANALYSIS - SIMULATED DATASET
A3: DATA DISCLOSURE
A4: This dataset is fully simulated for portfolio/demonstration purposes. It does NOT represent
A5: a real company. Supplier names, prices, and transaction patterns were generated with a fixed
A6: random seed (42) so results are reproducible. It is designed to mimic realistic procurement
A7: patterns seen in Canadian mid-market manufacturing: spend concentration (Pareto effect),
A8: maverick (off-contract) spend, supplier delivery delays, and quality rejects.
A10: WORKBOOK STRUCTURE
A11: - Dim_Supplier: supplier master data (20 suppliers across 4 categories)
A12: - Lookup_Tables: category standard lead times used to calculate promised delivery dates
A13: - PO_Transactions: 1,500 simulated purchase order line items (the fact table)
A15: HOW THE FORMULAS WORK (PO_Transactions sheet)
... A40: Pareto analysis, and supplier scorecard formulas together, column by column.

Sheet Dim_Supplier
A1: Supplier_ID | B1: Supplier_Name | C1: Category | D1: Country | E1: Risk_Tier | F1: Negotiated_Price | G1: Years_As_Vendor
A2: SUP-001 | B2: Ontario Steel Partners | C2: Raw Materials | D2: Canada | E2: Low | F2: 58 | G2: 9
A3: SUP-002 | B3: Niagara Alloy Supply | C3: Raw Materials | D3: Canada | E3: Medium | F3: 46.5 | G3: 6
A4: SUP-003 | B4: Great Lakes Polymer Co. | C4: Raw Materials | D4: Canada | E4: High | F4: 32.75 | G4: 3
A5: SUP-004 | B5: Laurentian Metals Inc. | C5: Raw Materials | D5: Canada | E5: Low | F5: 61.2 | G5: 11
A6: SUP-005 | B6: Northern Resin Solutions | C6: Raw Materials | D6: USA | E6: Medium | F6: 38.9 | G6: 4
A7: SUP-006 | B7: Great Lakes Packaging Co. | C7: Packaging | D7: Canada | E7: Low | F7: 4.35 | G7: 8
A8: SUP-007 | B8: Maple Leaf Box & Crate | C8: Packaging | D8: Canada | E8: Medium | F8: 3.1 | G8: 5
A9: SUP-008 | B9: Trillium Packaging Solutions | C9: Packaging | D9: Canada | E9: Low | F9: 5.6 | G9: 7
A10: SUP-009 | B10: Huron Pallet Works | C10: Packaging | D10: Canada | E10: High | F10: 2.25 | G10: 2
A11: SUP-010 | B11: EverGreen Wrap Industries | C11: Packaging | D11: USA | E11: Medium | F11: 6.8 | G11: 4
A12: SUP-011 | B12: Precision Tool & Supply | C12: MRO | D12: Canada | E12: Low | F12: 22.4 | G12: 10
A13: SUP-012 | B13: CanSafe Equipment Ltd. | C13: MRO | D13: Canada | E13: Medium | F13: 18.75 | G13: 6
... A21: SUP-020 | B21: Summit Last-Mile Delivery | C21: Logistics | D21: Canada | E21: Medium | F21: 95 | G21: 4

Sheet Lookup_Tables
A1: Category | B1: Standard_Lead_Time_Days
A2: Raw Materials | B2: 21
A3: Packaging | B3: 14
A4: MRO | B4: 10
A5: Logistics | B5: 5

Sheet PO_Transactions
A1: PO_Number | B1: Supplier_ID | C1: Order_Date | D1: Category | E1: Supplier_Name | F1: Sub_Category | G1: Plant_Location | H1: Lead_Time_Days | I1: Promised_Delivery_Date | J1: Delay_Days | K1: Actual_Delivery_Date | L1: Quantity | M1: Negotiated_Contract_Price | N1: Price_Markup_Pct | O1: Unit_Price | P1: Total_PO_Value | Q1: On_Contract_Flag | R1: Quality_Reject_Qty | S1: Payment_Terms_Days | T1: Price_Variance_Pct | U1: OTIF_Flag | V1: Maverick_Spend_Value
A2: PO-2024-00001 | B2: SUP-012 | C2: 45317 | D2: =INDEX(Dim_Supplier!$C$2:$C$21,MATCH(B2,Dim_Supplier!$A$2:$A$21,0)) -> MRO | E2: =INDEX(Dim_Supplier!$B$2:$B$21,MATCH(B2,Dim_Supplier!$A$2:$A$21,0)) -> CanSafe Equipment Ltd. | F2: Spare Parts | G2: Brampton, ON | H2: =INDEX(Lookup_Tables!$B$2:$B$5,MATCH(D2,Lookup_Tables!$A$2:$A$5,0)) -> 10 | I2: =C2+H2 -> 45327 | J2: 0 | K2: =I2+J2 -> 45327 | L2: 178 | M2: =INDEX(Dim_Supplier!$F$2:$F$21,MATCH(B2,Dim_Supplier!$A$2:$A$21,0)) -> 18.75 | N2: 0.0622 | O2: =M2*(1+N2) -> 19.91625 | P2: =O2*L2 -> 3545.0925 | Q2: Yes | R2: 0 | S2: 45 | T2: =(O2-M2)/M2 -> 0.0622 | U2: =IF(AND(K2<=I2,R2=0),1,0) -> 1 | V2: =IF(Q2="No",P2,0) -> 0
A3: PO-2024-00002 | B3: SUP-001 | C3: 45387 | D3: =INDEX(Dim_Supplier!$C$2:$C$21,MATCH(B3,Dim_Supplier!$A$2:$A$21,0)) -> Raw Materials | E3: =INDEX(Dim_Supplier!$B$2:$B$21,MATCH(B3,Dim_Supplier!$A$2:$A$21,0)) -> Ontario Steel Partners | F3: Aluminum Sheet | G3: Brampton, ON | H3: =INDEX(Lookup_Tables!$B$2:$B$5,MATCH(D3,Lookup_Tables!$A$2:$A$5,0)) -> 21 | I3: =C3+H3 -> 45408 | J3: -3 | K3: =I3+J3 -> 45405 | L3: 507 | M3: =INDEX(Dim_Supplier!$F$2:$F$21,MATCH(B3,Dim_Supplier!$A$2:$A$21,0)) -> 58 | N3: 0.0098 | O3: =M3*(1+N3) -> 58.5684 | P3: =O3*L3 -> 29694.179 | Q3: Yes | R3: 0 | S3: 30 | T3: =(O3-M3)/M3 -> 0.0098 | U3: =IF(AND(K3<=I3,R3=0),1,0) -> 1 | V3: =IF(Q3="No",P3,0) -> 0
A4: PO-2024-00003 | B4: SUP-008 | C4: 45576 | D4: =INDEX(Dim_Supplier!$C$2:$C$21,MATCH(B4,Dim_Supplier!$A$2:$A$21,0)) -> Packaging | E4: =INDEX(Dim_Supplier!$B$2:$B$21,MATCH(B4,Dim_Supplier!$A$2:$A$21,0)) -> Trillium Packaging Solutions | F4: Corrugated Boxes | G4: Brampton, ON | H4: =INDEX(Lookup_Tables!$B$2:$B$5,MATCH(D4,Lookup_Tables!$A$2:$A$5,0)) -> 14 | I4: =C4+H4 -> 45590 | J4: -4 | K4: =I4+J4 -> 45586 | L4: 1773 | M4: =INDEX(Dim_Supplier!$F$2:$F$21,MATCH(B4,Dim_Supplier!$A$2:$A$21,0)) -> 5.6 | N4: 0.0027 | O4: =M4*(1+N4) -> 5.61512 | P4: =O4*L4 -> 9955.6078 | Q4: Yes | R4: 0 | S4: 30 | T4: =(O4-M4)/M4 -> 0.0027 | U4: =IF(AND(K4<=I4,R4=0),1,0) -> 1 | V4: =IF(Q4="No",P4,0) -> 0
A5: PO-2024-00004 | B5: SUP-007 | C5: 45659 | D5: =INDEX(Dim_Supplier!$C$2:$C$21,MATCH(B5,Dim_Supplier!$A$2:$A$21,0)) -> Packaging | E5: =INDEX(Dim_Supplier!$B$2:$B$21,MATCH(B5,Dim_Supplier!$A$2:$A$21,0)) -> Maple Leaf Box & Crate | F5: Pallets | G5: Mississauga, ON | H5: =INDEX(Lookup_Tables!$B$2:$B$5,MATCH(D5,Lookup_Tables!$A$2:$A$5,0)) -> 14 | I5: =C5+H5 -> 45673 | J5: 0 | K5: =I5+J5 -> 45673 | L5: 4892 | M5: =INDEX(Dim_Supplier!$F$2:$F$21,MATCH(B5,Dim_Supplier!$A$2:$A$21,0)) -> 3.1 | N5: 0.0097 | O5: =M5*(1+N5) -> 3.13007 | P5: =O5*L5 -> 15312.302 | Q5: Yes | R5: 0 | S5: 30 | T5: =(O5-M5)/M5 -> 0.0097 | U5: =IF(AND(K5<=I5,R5=0),1,0) -> 1 | V5: =IF(Q5="No",P5,0) -> 0
A6: PO-2024-00005 | B6: SUP-006 | C6: 45935 | D6: =INDEX(Dim_Supplier!$C$2:$C$21,MATCH(B6,Dim_Supplier!$A$2:$A$21,0)) -> Packaging | E6: =INDEX(Dim_Supplier!$B$2:$B$21,MATCH(B6,Dim_Supplier!$A$2:$A$21,0)) -> Great Lakes Packaging Co. | F6: Poly Bags | G6: Mississauga, ON | H6: =INDEX(Lookup_Tables!$B$2:$B$5,MATCH(D6,Lookup_Tables!$A$2:$A$5,0)) -> 14 | I6: =C6+H6 -> 45949 | J6: -4 | K6: =I6+J6 -> 45945 | L6: 875 | M6: =INDEX(Dim_Supplier!$F$2:$F$21,MATCH(B6,Dim_Supplier!$A$2:$A$21,0)) -> 4.35 | N6: -0.0046 | O6: =M6*(1+N6) -> 4.32999 | P6: =O6*L6 -> 3788.7413 | Q6: Yes | R6: 0 | S6: 60 | T6: =(O6-M6)/M6 -> -0.0046 | U6: =IF(AND(K6<=I6,R6=0),1,0) -> 1 | V6: =IF(Q6="No",P6,0) -> 0
A7: PO-2024-00006 | B7: SUP-017 | C7: 46179 | D7: =INDEX(Dim_Supplier!$C$2:$C$21,MATCH(B7,Dim_Supplier!$A$2:$A$21,0)) -> Logistics | E7: =INDEX(Dim_Supplier!$B$2:$B$21,MATCH(B7,Dim_Supplier!$A$2:$A$21,0)) -> Maple Route Logistics | F7: Freight - LTL | G7: Montreal, QC | H7: =INDEX(Lookup_Tables!$B$2:$B$5,MATCH(D7,Lookup_Tables!$A$2:$A$5,0)) -> 5 | I7: =C7+H7 -> 46184 | J7: -1 | K7: =I7+J7 -> 46183 | L7: 24 | M7: =INDEX(Dim_Supplier!$F$2:$F$21,MATCH(B7,Dim_Supplier!$A$2:$A$21,0)) -> 285 | N7: 0.058 | O7: =M7*(1+N7) -> 301.53 | P7: =O7*L7 -> 7236.72 | Q7: Yes | R7: 0 | S7: 45 | T7: =(O7-M7)/M7 -> 0.058 | U7: =IF(AND(K7<=I7,R7=0),1,0) -> 1 | V7: =IF(Q7="No",P7,0) -> 0
A8: PO-2024-00007 | B8: SUP-014 | C8: 45991 | D8: =INDEX(Dim_Supplier!$C$2:$C$21,MATCH(B8,Dim_Supplier!$A$2:$A$21,0)) -> MRO | E8: =INDEX(Dim_Supplier!$B$2:$B$21,MATCH(B8,Dim_Supplier!$A$2:$A$21,0)) -> Sterling Lubricants Inc. | F8: Safety Equipment | G8: Brampton, ON | H8: =INDEX(Lookup_Tables!$B$2:$B$5,MATCH(D8,Lookup_Tables!$A$2:$A$5,0)) -> 10 | I8: =C8+H8 -> 46001 | J8: -4 | K8: =I8+J8 -> 45997 | L8: 123 | M8: =INDEX(Dim_Supplier!$F$2:$F$21,MATCH(B8,Dim_Supplier!$A$2:$A$21,0)) -> 27.1 | N8: 0.0168 | O8: =M8*(1+N8) -> 27.55528 | P8: =O8*L8 -> 3389.2994 | Q8: Yes | R8: 0 | S8: 45 | T8: =(O8-M8)/M8 -> 0.0168 | U8: =IF(AND(K8<=I8,R8=0),1,0) -> 1 | V8: =IF(Q8="No",P8,0) -> 0
A9: PO-2024-00008 | B9: SUP-011 | C9: 45993 | D9: =INDEX(Dim_Supplier!$C$2:$C$21,MATCH(B9,Dim_Supplier!$A$2:$A$21,0)) -> MRO | E9: =INDEX(Dim_Supplier!$B$2:$B$21,MATCH(B9,Dim_Supplier!$A$2:$A$21,0)) -> Precision Tool & Supply | F9: Spare Parts | G9: Cambridge, ON | H9: =INDEX(Lookup_Tables!$B$2:$B$5,MATCH(D9,Lookup_Tables!$A$2:$A$5,0)) -> 10 | I9: =C9+H9 -> 46003 | J9: -3 | K9: =I9+J9 -> 46000 | L9: 85 | M9: =INDEX(Dim_Supplier!$F$2:$F$21,MATCH(B9,Dim_Supplier!$A$2:$A$21,0)) -> 22.4 | N9: 0.0151 | O9: =M9*(1+N9) -> 22.73824 | P9: =O9*L9 -> 1932.7504 | Q9: Yes | R9: 0 | S9: 60 | T9: =(O9-M9)/M9 -> 0.0151 | U9: =IF(AND(K9<=I9,R9=0),1,0) -> 1 | V9: =IF(Q9="No",P9,0) -> 0
A10: PO-2024-00009 | B10: SUP-011 | C10: 46027 | D10: =INDEX(Dim_Supplier!$C$2:$C$21,MATCH(B10,Dim_Supplier!$A$2:$A$21,0)) -> MRO | E10: =INDEX(Dim_Supplier!$B$2:$B$21,MATCH(B10,Dim_Supplier!$A$2:$A$21,0)) -> Precision Tool & Supply | F10: Spare Parts | G10: Brampton, ON | H10: =INDEX(Lookup_Tables!$B$2:$B$5,MATCH(D10,Lookup_Tables!$A$2:$A$5,0)) -> 10 | I10: =C10+H10 -> 46037 | J10: -4 | K10: =I10+J10 -> 46033 | L10: 169 | M10: =INDEX(Dim_Supplier!$F$2:$F$21,MATCH(B10,Dim_Supplier!$A$2:$A$21,0)) -> 22.4 | N10: -0.0066 | O10: =M10*(1+N10) -> 22.25216 | P10: =O10*L10 -> 3760.615 | Q10: Yes | R10: 0 | S10: 30 | T10: =(O10-M10)/M10 -> -0.0066 | U10: =IF(AND(K10<=I10,R10=0),1,0) -> 1 | V10: =IF(Q10="No",P10,0) -> 0
A11: PO-2024-00010 | B11: SUP-011 | C11: 45561 | D11: =INDEX(Dim_Supplier!$C$2:$C$21,MATCH(B11,Dim_Supplier!$A$2:$A$21,0)) -> MRO | E11: =INDEX(Dim_Supplier!$B$2:$B$21,MATCH(B11,Dim_Supplier!$A$2:$A$21,0)) -> Precision Tool & Supply | F11: Cleaning Supplies | G11: Montreal, QC | H11: =INDEX(Lookup_Tables!$B$2:$B$5,MATCH(D11,Lookup_Tables!$A$2:$A$5,0)) -> 10 | I11: =C11+H11 -> 45571 | J11: -1 | K11: =I11+J11 -> 45570 | L11: 61 | M11: =INDEX(Dim_Supplier!$F$2:$F$21,MATCH(B11,Dim_Supplier!$A$2:$A$21,0)) -> 22.4 | N11: -0.0021 | O11: =M11*(1+N11) -> 22.35296 | P11: =O11*L11 -> 1363.5306 | Q11: No | R11: 0 | S11: 30 | T11: =(O11-M11)/M11 -> -0.0021 | U11: =IF(AND(K11<=I11,R11=0),1,0) -> 1 | V11: =IF(Q11="No",P11,0) -> 1363.5306
A12: PO-2024-00011 | B12: SUP-016 | C12: 46173 | D12: =INDEX(Dim_Supplier!$C$2:$C$21,MATCH(B12,Dim_Supplier!$A$2:$A$21,0)) -> Logistics | E12: =INDEX(Dim_Supplier!$B$2:$B$21,MATCH(B12,Dim_Supplier!$A$2:$A$21,0)) -> Niagara Freight Solutions | F12: Freight - LTL | G12: Brampton, ON | H12: =INDEX(Lookup_Tables!$B$2:$B$5,MATCH(D12,Lookup_Tables!$A$2:$A$5,0)) -> 5 | I12: =C12+H12 -> 46178 | J12: -4 | K12: =I12+J12 -> 46174 | L12: 28 | M12: =INDEX(Dim_Supplier!$F$2:$F$21,MATCH(B12,Dim_Supplier!$A$2:$A$21,0)) -> 340 | N12: -0.0154 | O12: =M12*(1+N12) -> 334.764 | P12: =O12*L12 -> 9373.392 | Q12: Yes | R12: 0 | S12: 45 | T12: =(O12-M12)/M12 -> -0.0154 | U12: =IF(AND(K12<=I12,R12=0),1,0) -> 1 | V12: =IF(Q12="No",P12,0) -> 0
A13: PO-2024-00012 | B13: SUP-008 | C13: 45549 | D13: =INDEX(Dim_Supplier!$C$2:$C$21,MATCH(B13,Dim_Supplier!$A$2:$A$21,0)) -> Packaging | E13: =INDEX(Dim_Supplier!$B$2:$B$21,MATCH(B13,Dim_Supplier!$A$2:$A$21,0)) -> Trillium Packaging Solutions | F13: Poly Bags | G13: Cambridge, ON | H13: =INDEX(Lookup_Tables!$B$2:$B$5,MATCH(D13,Lookup_Tables!$A$2:$A$5,0)) -> 14 | I13: =C13+H13 -> 45563 | J13: -3 | K13: =I13+J13 -> 45560 | L13: 4898 | M13: =INDEX(Dim_Supplier!$F$2:$F$21,MATCH(B13,Dim_Supplier!$A$2:$A$21,0)) -> 5.6 | N13: 0.0111 | O13: =M13*(1+N13) -> 5.66216 | P13: =O13*L13 -> 27733.26 | Q13: Yes | R13: 0 | S13: 30 | T13: =(O13-M13)/M13 -> 0.0111 | U13: =IF(AND(K13<=I13,R13=0),1,0) -> 1 | V13: =IF(Q13="No",P13,0) -> 0
... A1501: PO-2026-01500 | B1501: SUP-012 | C1501: 45779 | D1501: =INDEX(Dim_Supplier!$C$2:$C$21,MATCH(B1501,Dim_Supplier!$A$2:$A$21,0)) -> MRO | E1501: =INDEX(Dim_Supplier!$B$2:$B$21,MATCH(B1501,Dim_Supplier!$A$2:$A$21,0)) -> CanSafe Equipment Ltd. | F1501: Tools | G1501: Montreal, QC | H1501: =INDEX(Lookup_Tables!$B$2:$B$5,MATCH(D1501,Lookup_Tables!$A$2:$A$5,0)) -> 10 | I1501: =C1501+H1501 -> 45789 | J1501: -1 | K1501: =I1501+J1501 -> 45788 | L1501: 36 | M1501: =INDEX(Dim_Supplier!$F$2:$F$21,MATCH(B1501,Dim_Supplier!$A$2:$A$21,0)) -> 18.75 | N1501: 0.0401 | O1501: =M1501*(1+N1501) -> 19.501875 | P1501: =O1501*L1501 -> 702.0675 | Q1501: Yes | R1501: 0 | S1501: 30 | T1501: =(O1501-M1501)/M1501 -> 0.0401 | U1501: =IF(AND(K1501<=I1501,R1501=0),1,0) -> 1 | V1501: =IF(Q1501="No",P1501,0) -> 0
